{
    "phase_name": "Testing Phase",
    "name": "",
    "filename": "submission.zip",
    "description": "",
    "created_when": "2020-10-20T18:57:16.801630Z",
    "is_public": false,
    "status": "Finished",
    "status_details": null,
    "owner": "admin",
    "has_children": false,
    "parent": null,
    "children": [],
    "pk": 82,
    "id": 82,
    "phase": 29,
    "scores": [
        {
            "id": 1,
            "index": 0,
            "score": "0.3962264151",
            "column_key": "accuracy"
        },
        {
            "id": 2,
            "index": 1,
            "score": "0.0212898254",
            "column_key": "duration"
        }
    ],
    "leaderboard": 1,
    "on_leaderboard": true,
    "task": {
        "id": 29,
        "name": "Wheat Seed Final Task",
        "description": null,
        "key": "6730b13e-c13d-4d8c-a276-6ca9f0b53447",
        "created_by": 1,
        "created_when": "2020-10-20T18:57:06.328033Z",
        "is_public": false,
        "ingestion_only_during_scoring": false,
        "validated": false,
        "input_data": "bd3e655b-d221-4a7b-8320-17f244e782df",
        "ingestion_program": "0c8c6700-dd13-48a8-abab-3549b72d72a2",
        "reference_data": "608fd0e0-2d83-45a6-8adb-eee914881f30",
        "scoring_program": "d5fb3893-e1d3-43d9-bbc5-94ccc8c0f7e6"
    }
}