{
    "logs": [
        {
            "name": "scoring_ingestion_stderr",
            "data_file": "http://docker.for.mac.localhost:9000/private/submission_details/2020-10-20-1603220241/b230bf0a0823/scoring_ingestion_stderr.txt?AWSAccessKeyId=testkey&Signature=hbea6DoAKVamXLm0a3ZcqagZ850%3D&Expires=1603324440"
        },
        {
            "name": "scoring_ingestion_stdout",
            "data_file": "http://docker.for.mac.localhost:9000/private/submission_details/2020-10-20-1603220241/916223afb5a5/scoring_ingestion_stdout.txt?AWSAccessKeyId=testkey&Signature=WkyOCFPttI3esBPJbtepwGkW2Ro%3D&Expires=1603324440"
        },
        {
            "name": "scoring_stderr",
            "data_file": "http://docker.for.mac.localhost:9000/private/submission_details/2020-10-20-1603220241/80b7448a65c1/scoring_stderr.txt?AWSAccessKeyId=testkey&Signature=pyozrl0vpu%2B5QrzdtT22HXMWLpQ%3D&Expires=1603324440"
        },
        {
            "name": "scoring_stdout",
            "data_file": "http://docker.for.mac.localhost:9000/private/submission_details/2020-10-20-1603220241/b4737680254e/scoring_stdout.txt?AWSAccessKeyId=testkey&Signature=E%2FHS0qsVsSCV6JE%2FOrPAH%2FBxPJk%3D&Expires=1603324440"
        },
        {
            "name": "prediction_ingestion_stderr",
            "data_file": "http://docker.for.mac.localhost:9000/private/submission_details/2020-10-20-1603220237/6f6767613b83/prediction_ingestion_stderr.txt?AWSAccessKeyId=testkey&Signature=k22ItU2um8VTnbioDEAL82hApXg%3D&Expires=1603324440"
        },
        {
            "name": "prediction_ingestion_stdout",
            "data_file": "http://docker.for.mac.localhost:9000/private/submission_details/2020-10-20-1603220237/bd3afbedef10/prediction_ingestion_stdout.txt?AWSAccessKeyId=testkey&Signature=QinPUwM6Q3TdzjEGeY1w2nd%2FAWk%3D&Expires=1603324440"
        },
        {
            "name": "prediction_stderr",
            "data_file": "http://docker.for.mac.localhost:9000/private/submission_details/2020-10-20-1603220237/8d4536cc170b/prediction_stderr.txt?AWSAccessKeyId=testkey&Signature=pUuQii3%2FSwaeWQgWAMbLnTQT7Sg%3D&Expires=1603324440"
        },
        {
            "name": "prediction_stdout",
            "data_file": "http://docker.for.mac.localhost:9000/private/submission_details/2020-10-20-1603220237/8bdb38c32e65/prediction_stdout.txt?AWSAccessKeyId=testkey&Signature=%2Fg%2Fv8z7KHaZVlgOZ261P4TNExzc%3D&Expires=1603324440"
        }
    ],
    "data_file": "http://docker.for.mac.localhost:9000/private/dataset/2020-10-20-1603220236/6e7551596c6d/submission.zip?AWSAccessKeyId=testkey&Signature=cbGBoA5V2ZKgFbN6x49WEApA6p4%3D&Expires=1603324440",
    "prediction_result": "http://docker.for.mac.localhost:9000/private/prediction_result/2020-10-20-1603220236/99513550250f/prediction_result.zip?AWSAccessKeyId=testkey&Signature=8ldfyFQ%2FrBgB133xlnce8Z6vzvQ%3D&Expires=1603324440",
    "detailed_result": null,
    "scoring_result": "http://docker.for.mac.localhost:9000/private/scoring_result/2020-10-20-1603220237/9b88e434c4ed/scoring_result.zip?AWSAccessKeyId=testkey&Signature=l3DILviwDrIUm52GdUGN2rx28xE%3D&Expires=1603324440",
    "leaderboards": [
        {
            "id": 1,
            "primary_index": 0,
            "title": "Results",
            "key": "main",
            "columns": [
                {
                    "id": 1,
                    "computation": null,
                    "computation_indexes": null,
                    "title": "Prediction score",
                    "key": "accuracy",
                    "sorting": "desc",
                    "index": 0,
                    "hidden": false
                },
                {
                    "id": 2,
                    "computation": null,
                    "computation_indexes": null,
                    "title": "Duration",
                    "key": "duration",
                    "sorting": "desc",
                    "index": 1,
                    "hidden": false
                }
            ],
            "hidden": false
        }
    ]
}